<?xml version="1.0" encoding="UTF-8"?>
<project-private xmlns="http://www.netbeans.org/ns/project-private/1">
    <editor-bookmarks xmlns="http://www.netbeans.org/ns/editor-bookmarks/2" lastBookmarkId="0"/>
    <open-files xmlns="http://www.netbeans.org/ns/projectui-open-files/2">
        <group>
            <file>file:/C:/Users/FRAN/Desktop/PlantillaAlumnos/PlantillaAlumnos/src/pkg2021_p2si/ClasificadorDebil.java</file>
            <file>file:/C:/Users/FRAN/Desktop/PlantillaAlumnos/PlantillaAlumnos/src/pkg2021_p2si/Adaboost.java</file>
            <file>file:/C:/Users/FRAN/Desktop/PlantillaAlumnos/PlantillaAlumnos/src/pkg2021_p2si/CIFAR10Loader.java</file>
            <file>file:/C:/Users/FRAN/Desktop/PlantillaAlumnos/PlantillaAlumnos/src/pkg2021_p2si/ClasificadorFuerte.java</file>
        </group>
    </open-files>
</project-private>
